{"cameraMode":{"drawMode":0,"name":"Shaded","section":"Shading Mode"},"sceneLighting":true,"audioPlay":false,"sceneViewState":{"m_AlwaysRefresh":false,"showFog":true,"showSkybox":true,"showFlares":true,"showImageEffects":true,"showParticleSystems":true,"showVisualEffectGraphs":true,"m_FxEnabled":true},"in2DMode":false,"pivot":{"x":-0.05172473192214966,"y":-0.13083875179290772,"z":0.03578460216522217},"rotation":{"x":-0.07350790500640869,"y":0.9234049916267395,"z":-0.30274051427841189,"w":-0.2242104411125183},"size":0.7331251502037048,"orthographic":false}